Machine,Core,Instance,Hubs,Alternatives,Origins,Destins,tolError,logSum,Time Limit,Elapse Time,Best Time,Best Trial,Best Demand,selectedHub0,selectedHub1,selectedHub2,selectedHub3,selectedHub4,selectedHub5,selectedHub6,selectedHub7,selectedHub8,selectedHub9,selectedHub10,selectedHub11,selectedHub12,selectedHub13,selectedHub14,selectedHub15,selectedHub16,selectedHub17,selectedHub18,selectedHub19
DESKTOP-ASQ3AP9,5,0,20,170,1135,3,1.00E-07,0.25,36000,36000.32092,774.889925,3676,7588.865039,1,8,10,19,52,69,90,97,98,103,120,123,124,129,138,141,145,153,159,160
DESKTOP-ASQ3AP9,6,0,20,170,1135,3,1.00E-07,0.5,36000,36000.31475,1200.582828,6135,7702.375282,1,8,10,52,69,97,98,100,103,120,122,123,124,129,138,141,145,153,159,160
DESKTOP-ASQ3AP9,1,0,20,170,1135,3,1.00E-07,0.7,36000,36000.04777,1160.447177,5740,7753.020831,1,8,10,52,69,97,98,100,103,120,122,123,124,129,138,141,145,153,159,160
DESKTOP-ASQ3AP9,5,0,20,170,1135,3,1.00E-07,0.75,36000,36000.17255,1022.653074,5135,7765.028232,1,8,10,52,69,97,98,100,103,120,122,123,124,129,138,141,145,153,159,160
DESKTOP-ASQ3AP9,0,0,20,170,1135,3,1.00E-07,1,36000,36000.10756,1224.329609,6021,7874.377059,1,10,52,69,92,94,97,102,103,119,122,123,124,129,138,141,145,153,159,160
