Machine,Core,Instance,Hubs,Alternatives,Origins,Destins,tolError,logSum,Time Limit,Elapse Time,Best Time,Best Trial,Best Demand,selectedHub0,selectedHub1,selectedHub2,selectedHub3,selectedHub4,selectedHub5,selectedHub6,selectedHub7,selectedHub8,selectedHub9,selectedHub10,selectedHub11,selectedHub12,selectedHub13,selectedHub14,selectedHub15,selectedHub16,selectedHub17,selectedHub18,selectedHub19,selectedHub20,selectedHub21,selectedHub22,selectedHub23,selectedHub24,selectedHub25,selectedHub26,selectedHub27,selectedHub28,selectedHub29,selectedHub30,selectedHub31,selectedHub32,selectedHub33,selectedHub34,selectedHub35,selectedHub36,selectedHub37,selectedHub38,selectedHub39
DESKTOP-ASQ3AP9,5,0,40,170,1135,3,1.00E-07,0.25,36000,36000.70842,19486.13581,47180,11390.50691,1,4,5,8,10,11,12,14,17,19,52,55,61,62,69,90,97,98,103,106,107,108,120,122,123,124,128,129,132,138,140,141,145,146,152,153,156,158,159,160
DESKTOP-ASQ3AP9,2,0,40,170,1135,3,1.00E-07,0.5,72000,72000.68442,4804.707288,11084,11671.73779,1,4,5,8,10,11,12,14,17,18,19,52,55,61,62,69,89,90,95,97,98,103,107,108,120,122,123,124,128,129,136,138,140,141,145,152,153,156,159,160
DESKTOP-ASQ3AP9,5,0,40,170,1135,3,1.00E-07,0.7,36000,36000.3892,5385.566694,12755,11859.71318,1,4,5,8,10,11,12,14,17,18,19,52,55,62,69,89,90,95,97,98,100,103,107,108,120,122,123,124,129,136,138,140,141,145,148,152,153,156,159,160
DESKTOP-ASQ3AP9,1,0,40,170,1135,3,1.00E-07,0.75,36000,36000.53039,6258.208577,14655,11869.73521,1,4,5,8,10,11,12,14,17,18,19,52,55,62,69,89,90,95,97,98,100,103,107,108,120,122,123,124,129,136,138,140,141,145,148,152,153,156,159,160
DESKTOP-ASQ3AP9,1,0,40,170,1135,3,1.00E-07,1,36000,36000.46244,7764.501036,18113,12005.90629,1,4,5,8,10,14,17,18,19,52,62,69,72,79,81,89,90,93,97,98,100,103,107,108,120,122,123,124,129,130,136,138,141,143,145,148,152,153,159,160
